student_id,exam_id
ST001,EXM002
ST001,EXM010
ST001,EXM016
ST002,EXM005
ST002,EXM013
ST002,EXM016
ST002,EXM018
ST003,EXM004
ST003,EXM012
ST003,EXM020
ST004,EXM004
ST004,EXM012
ST004,EXM015
ST005,EXM001
ST005,EXM009
ST005,EXM019
ST006,EXM005
ST006,EXM013
ST006,EXM017
ST006,EXM018
ST007,EXM007
ST007,EXM009
ST007,EXM016
ST007,EXM018
ST008,EXM004
ST008,EXM012
ST008,EXM015
ST008,EXM016
ST009,EXM003
ST009,EXM011
ST009,EXM018
ST009,EXM019
ST010,EXM007
ST010,EXM015
ST011,EXM004
ST011,EXM012
ST011,EXM015
ST012,EXM004
ST012,EXM012
ST012,EXM015
ST012,EXM016
ST013,EXM008
ST013,EXM016
ST013,EXM018
ST014,EXM007
ST014,EXM015
ST014,EXM016
ST015,EXM004
ST015,EXM012
ST015,EXM018
ST016,EXM007
ST016,EXM017
ST017,EXM006
ST017,EXM014
ST017,EXM015
ST017,EXM017
ST018,EXM003
ST018,EXM011
ST018,EXM016
ST019,EXM006
ST019,EXM014
ST019,EXM015
ST019,EXM020
ST020,EXM007
ST020,EXM018
ST021,EXM005
ST021,EXM013
ST021,EXM016
ST022,EXM004
ST022,EXM012
ST022,EXM015
ST023,EXM001
ST023,EXM009
ST023,EXM018
ST023,EXM020
ST024,EXM008
ST024,EXM018
ST025,EXM007
ST025,EXM016
ST026,EXM003
ST026,EXM011
ST026,EXM015
ST026,EXM016
ST027,EXM008
ST027,EXM019
ST027,EXM020
ST028,EXM005
ST028,EXM009
ST028,EXM013
ST028,EXM017
ST029,EXM007
ST029,EXM016
ST030,EXM007
ST030,EXM016
ST030,EXM018
ST031,EXM002
ST031,EXM010
ST031,EXM018
ST032,EXM001
ST032,EXM009
ST032,EXM015
ST032,EXM018
ST033,EXM006
ST033,EXM014
ST033,EXM015
ST033,EXM018
ST034,EXM008
ST034,EXM016
ST034,EXM018
ST035,EXM008
ST035,EXM015
ST035,EXM018
ST036,EXM001
ST036,EXM009
ST036,EXM018
ST036,EXM020
ST037,EXM007
ST037,EXM015
ST037,EXM020
ST038,EXM002
ST038,EXM010
ST038,EXM018
ST038,EXM020
ST039,EXM004
ST039,EXM012
ST039,EXM016
ST039,EXM017
ST040,EXM007
ST040,EXM015
ST040,EXM018
ST041,EXM007
ST041,EXM016
ST041,EXM020
ST042,EXM002
ST042,EXM010
ST042,EXM015
ST043,EXM001
ST043,EXM009
ST043,EXM016
ST043,EXM018
ST044,EXM007
ST044,EXM016
ST045,EXM002
ST045,EXM010
ST045,EXM017
ST046,EXM001
ST046,EXM009
ST046,EXM013
ST046,EXM020
ST047,EXM018
ST047,EXM019
ST048,EXM002
ST048,EXM010
ST048,EXM017
ST048,EXM018
ST049,EXM002
ST049,EXM010
ST049,EXM016
ST049,EXM018
ST050,EXM004
ST050,EXM012
ST050,EXM018
ST050,EXM020
ST051,EXM005
ST051,EXM013
ST051,EXM018
ST051,EXM019
ST052,EXM003
ST052,EXM011
ST052,EXM015
ST052,EXM020
ST053,EXM001
ST053,EXM009
ST053,EXM015
ST053,EXM020
ST054,EXM007
ST054,EXM019
ST055,EXM002
ST055,EXM010
ST055,EXM016
ST055,EXM018
ST056,EXM005
ST056,EXM013
ST056,EXM018
ST056,EXM019
ST057,EXM008
ST057,EXM015
ST057,EXM018
ST058,EXM007
ST058,EXM019
ST058,EXM020
ST059,EXM004
ST059,EXM012
ST059,EXM015
ST060,EXM004
ST060,EXM012
ST060,EXM020
ST061,EXM005
ST061,EXM018
ST061,EXM020
ST062,EXM007
ST062,EXM018
ST063,EXM001
ST063,EXM009
ST063,EXM016
ST064,EXM004
ST064,EXM012
ST064,EXM015
ST064,EXM020
ST065,EXM002
ST065,EXM010
ST065,EXM018
ST065,EXM020
ST066,EXM001
ST066,EXM009
ST066,EXM015
ST067,EXM002
ST067,EXM003
ST067,EXM010
ST067,EXM015
ST068,EXM006
ST068,EXM010
ST068,EXM014
ST068,EXM020
ST069,EXM006
ST069,EXM008
ST069,EXM018
ST069,EXM020
ST070,EXM001
ST070,EXM009
ST070,EXM018
ST071,EXM002
ST071,EXM010
ST071,EXM018
ST072,EXM006
ST072,EXM014
ST072,EXM015
ST073,EXM006
ST073,EXM014
ST073,EXM017
ST073,EXM020
ST074,EXM006
ST074,EXM014
ST074,EXM020
ST075,EXM005
ST075,EXM013
ST075,EXM015
ST076,EXM004
ST076,EXM012
ST076,EXM015
ST076,EXM016
ST077,EXM004
ST077,EXM012
ST077,EXM016
ST077,EXM017
ST078,EXM003
ST078,EXM011
ST078,EXM017
ST079,EXM005
ST079,EXM013
ST079,EXM016
ST079,EXM018
ST080,EXM005
ST080,EXM013
ST080,EXM016
ST080,EXM018
ST081,EXM008
ST081,EXM018
ST081,EXM019
ST082,EXM002
ST082,EXM007
ST082,EXM015
ST082,EXM020
ST083,EXM003
ST083,EXM007
ST083,EXM011
ST083,EXM018
ST084,EXM007
ST084,EXM015
ST084,EXM018
ST085,EXM004
ST085,EXM016
ST086,EXM006
ST086,EXM014
ST086,EXM015
ST086,EXM016
ST087,EXM002
ST087,EXM010
ST087,EXM018
ST087,EXM020
ST088,EXM002
ST088,EXM010
ST088,EXM015
ST088,EXM019
ST089,EXM005
ST089,EXM013
ST089,EXM015
ST090,EXM003
ST090,EXM011
ST090,EXM015
ST090,EXM018
ST091,EXM007
ST091,EXM010
ST091,EXM018
ST091,EXM019
ST092,EXM004
ST092,EXM012
ST092,EXM018
ST092,EXM019
ST093,EXM005
ST093,EXM013
ST093,EXM016
ST093,EXM020
ST094,EXM005
ST094,EXM013
ST094,EXM016
ST094,EXM018
ST095,EXM002
ST095,EXM010
ST095,EXM016
ST095,EXM017
ST096,EXM001
ST096,EXM009
ST096,EXM018
ST096,EXM020
ST097,EXM007
ST097,EXM018
ST097,EXM020
ST098,EXM008
ST098,EXM017
ST098,EXM018
ST099,EXM016
ST099,EXM018
ST100,EXM004
ST100,EXM012
ST100,EXM018
ST100,EXM020
ST101,EXM008
ST101,EXM015
ST101,EXM019
ST102,EXM007
ST102,EXM015
ST103,EXM001
ST103,EXM009
ST103,EXM018
ST103,EXM019
ST104,EXM003
ST104,EXM006
ST104,EXM014
ST104,EXM018
ST104,EXM020
ST105,EXM005
ST105,EXM013
ST105,EXM018
ST105,EXM020
ST106,EXM007
ST106,EXM020
ST107,EXM006
ST107,EXM014
ST107,EXM015
ST107,EXM016
ST108,EXM006
ST108,EXM016
ST108,EXM017
ST109,EXM013
ST109,EXM017
ST109,EXM020
ST110,EXM002
ST110,EXM010
ST110,EXM015
ST110,EXM016
ST111,EXM006
ST111,EXM014
ST111,EXM018
ST111,EXM019
ST112,EXM008
ST112,EXM016
ST112,EXM020
ST113,EXM007
ST113,EXM016
ST113,EXM017
ST114,EXM008
ST114,EXM018
ST114,EXM019
ST115,EXM004
ST115,EXM019
ST115,EXM020
ST116,EXM002
ST116,EXM010
ST116,EXM018
ST116,EXM020
ST117,EXM002
ST117,EXM004
ST117,EXM012
ST117,EXM015
ST117,EXM016
ST118,EXM004
ST118,EXM012
ST118,EXM015
ST119,EXM001
ST119,EXM009
ST119,EXM016
ST120,EXM004
ST120,EXM012
ST120,EXM015
ST121,EXM005
ST121,EXM013
ST121,EXM019
ST121,EXM020
ST122,EXM003
ST122,EXM010
ST122,EXM011
ST122,EXM016
ST122,EXM020
ST123,EXM001
ST123,EXM004
ST123,EXM012
ST123,EXM015
ST123,EXM020
ST124,EXM002
ST124,EXM010
ST124,EXM016
ST124,EXM018
ST125,EXM007
ST125,EXM018
ST125,EXM020
ST126,EXM007
ST126,EXM020
ST127,EXM014
ST127,EXM019
ST128,EXM007
ST128,EXM017
ST129,EXM001
ST129,EXM009
ST129,EXM015
ST130,EXM006
ST130,EXM014
ST130,EXM018
ST130,EXM020
ST131,EXM002
ST131,EXM010
ST131,EXM018
ST132,EXM001
ST132,EXM015
ST132,EXM020
ST133,EXM005
ST133,EXM013
ST133,EXM015
ST133,EXM018
ST134,EXM006
ST134,EXM014
ST134,EXM016
ST135,EXM002
ST135,EXM010
ST135,EXM017
ST135,EXM018
ST136,EXM005
ST136,EXM007
ST136,EXM018
ST137,EXM007
ST137,EXM015
ST138,EXM004
ST138,EXM012
ST138,EXM020
ST139,EXM002
ST139,EXM010
ST139,EXM017
ST140,EXM008
ST140,EXM018
ST141,EXM006
ST141,EXM014
ST141,EXM020
ST142,EXM007
ST142,EXM016
ST143,EXM009
ST143,EXM017
ST143,EXM020
ST144,EXM006
ST144,EXM014
ST144,EXM018
ST144,EXM020
ST145,EXM002
ST145,EXM010
ST145,EXM016
ST145,EXM018
ST146,EXM008
ST146,EXM015
ST147,EXM008
ST147,EXM016
ST148,EXM005
ST148,EXM013
ST148,EXM018
ST149,EXM006
ST149,EXM014
ST149,EXM016
ST150,EXM008
ST150,EXM020
ST151,EXM008
ST151,EXM016
ST152,EXM001
ST152,EXM009
ST152,EXM018
ST153,EXM002
ST153,EXM010
ST153,EXM018
ST154,EXM004
ST154,EXM012
ST154,EXM016
ST154,EXM019
ST155,EXM001
ST155,EXM009
ST155,EXM020
ST156,EXM004
ST156,EXM012
ST156,EXM018
ST157,EXM008
ST157,EXM015
ST157,EXM016
ST158,EXM008
ST158,EXM017
ST158,EXM018
ST159,EXM004
ST159,EXM012
ST159,EXM018
ST160,EXM002
ST160,EXM010
ST160,EXM015
ST160,EXM016
ST161,EXM008
ST161,EXM017
ST161,EXM018
ST162,EXM008
ST162,EXM017
ST162,EXM018
ST163,EXM008
ST163,EXM016
ST163,EXM019
ST164,EXM007
ST164,EXM016
ST165,EXM004
ST165,EXM012
ST165,EXM015
ST165,EXM016
ST166,EXM001
ST166,EXM009
ST166,EXM017
ST166,EXM020
ST167,EXM006
ST167,EXM014
ST167,EXM017
ST167,EXM020
ST168,EXM002
ST168,EXM010
ST168,EXM015
ST168,EXM017
ST169,EXM018
ST170,EXM008
ST170,EXM017
ST170,EXM018
ST171,EXM006
ST171,EXM014
ST171,EXM018
ST172,EXM004
ST172,EXM012
ST172,EXM015
ST173,EXM006
ST173,EXM014
ST173,EXM016
ST173,EXM019
ST174,EXM002
ST174,EXM010
ST174,EXM016
ST175,EXM002
ST175,EXM010
ST175,EXM018
ST175,EXM020
ST176,EXM002
ST176,EXM010
ST176,EXM020
ST177,EXM006
ST177,EXM014
ST177,EXM017
ST177,EXM018
ST178,EXM007
ST178,EXM017
ST178,EXM018
ST179,EXM002
ST179,EXM010
ST179,EXM020
ST180,EXM007
ST180,EXM017
ST180,EXM018
ST181,EXM006
ST181,EXM014
ST181,EXM017
ST182,EXM007
ST182,EXM015
ST182,EXM016
ST183,EXM007
ST183,EXM019
ST184,EXM012
ST184,EXM015
ST185,EXM006
ST185,EXM015
ST185,EXM019
ST186,EXM008
ST186,EXM015
ST187,EXM002
ST187,EXM010
ST187,EXM018
ST188,EXM015
ST188,EXM018
ST189,EXM006
ST189,EXM008
ST189,EXM017
ST190,EXM006
ST190,EXM014
ST190,EXM017
ST190,EXM019
ST191,EXM007
ST191,EXM018
ST191,EXM020
ST192,EXM002
ST192,EXM008
ST192,EXM018
ST193,EXM001
ST193,EXM009
ST193,EXM015
ST193,EXM018
ST194,EXM002
ST194,EXM010
ST194,EXM018
ST194,EXM019
ST195,EXM001
ST195,EXM009
ST195,EXM018
ST195,EXM019
ST196,EXM005
ST196,EXM013
ST196,EXM016
ST197,EXM001
ST197,EXM009
ST197,EXM019
ST198,EXM008
ST198,EXM018
ST199,EXM004
ST199,EXM016
ST199,EXM018
ST200,EXM006
ST200,EXM008
ST200,EXM014
ST200,EXM018
ST200,EXM020
