slot_id,date,start_time,end_time,slot_number,pref_penalty
S01,2026-11-20,09:30,12:30,0,0
S02,2026-11-20,14:00,17:00,1,1
S03,2026-11-23,09:30,12:30,0,0
S04,2026-11-23,14:00,17:00,1,1
S05,2026-11-24,09:30,12:30,0,0
S06,2026-11-24,14:00,17:00,1,1
S07,2026-11-25,09:30,12:30,0,0
S08,2026-11-25,14:00,17:00,1,1
S09,2026-11-26,09:30,12:30,0,0
S10,2026-11-26,14:00,17:00,1,1
S11,2026-11-27,09:30,12:30,0,0
S12,2026-11-27,14:00,17:00,1,1
S13,2026-11-30,09:30,12:30,0,0
S14,2026-11-30,14:00,17:00,1,1
S15,2026-12-01,09:30,12:30,0,0
S16,2026-12-01,14:00,17:00,1,1
S17,2026-12-02,09:30,12:30,0,0
S18,2026-12-02,14:00,17:00,1,1
S19,2026-12-03,09:30,12:30,0,0
S20,2026-12-03,14:00,17:00,1,1
S21,2026-12-04,09:30,12:30,0,0
S22,2026-12-04,14:00,17:00,1,1
S23,2026-12-07,09:30,12:30,0,0
S24,2026-12-07,14:00,17:00,1,1
S25,2026-12-08,09:30,12:30,0,0
S26,2026-12-08,14:00,17:00,1,1
S27,2026-12-09,09:30,12:30,0,0
S28,2026-12-09,14:00,17:00,1,1
S29,2026-12-10,09:30,12:30,0,0
S30,2026-12-10,14:00,17:00,1,1
S31,2026-12-11,09:30,12:30,0,0
S32,2026-12-11,14:00,17:00,1,1
S33,2026-12-14,09:30,12:30,0,0
S34,2026-12-14,14:00,17:00,1,1
S35,2026-12-15,09:30,12:30,0,0
S36,2026-12-15,14:00,17:00,1,1
S37,2026-12-16,09:30,12:30,0,0
S38,2026-12-16,14:00,17:00,1,1
S39,2026-12-17,09:30,12:30,0,0
S40,2026-12-17,14:00,17:00,1,1
S41,2026-12-18,09:30,12:30,0,0
S42,2026-12-18,14:00,17:00,1,1
S43,2026-12-21,09:30,12:30,0,0
S44,2026-12-21,14:00,17:00,1,1
S45,2026-12-22,09:30,12:30,0,0
S46,2026-12-22,14:00,17:00,1,1
