student_id,department,semester
ST001,ECE,V
ST002,CSE,V
ST003,CSE,V
ST004,CSE,III
ST005,MECH,V
ST006,ECE,V
ST007,CIVIL,V
ST008,CIVIL,III
ST009,MECH,V
ST010,CSE,III
ST011,ECE,V
ST012,CSE,III
ST013,CSE,III
ST014,ECE,V
ST015,MECH,V
ST016,CIVIL,V
ST017,CIVIL,V
ST018,ECE,III
ST019,MECH,III
ST020,ECE,V
ST021,ECE,V
ST022,ECE,V
ST023,CIVIL,III
ST024,MECH,V
ST025,CIVIL,III
ST026,MECH,V
ST027,MECH,III
ST028,ECE,III
ST029,ECE,III
ST030,CSE,III
ST031,MECH,V
ST032,ECE,III
ST033,MECH,III
ST034,MECH,V
ST035,ECE,III
ST036,MECH,V
ST037,ECE,V
ST038,ECE,V
ST039,ECE,V
ST040,CIVIL,V
ST041,CSE,V
ST042,CSE,III
ST043,CIVIL,III
ST044,MECH,V
ST045,ECE,III
ST046,MECH,V
ST047,MECH,V
ST048,ECE,V
ST049,CSE,III
ST050,ECE,V
ST051,CIVIL,V
ST052,MECH,III
ST053,MECH,III
ST054,ECE,V
ST055,ECE,V
ST056,CSE,V
ST057,MECH,V
ST058,CIVIL,V
ST059,ECE,V
ST060,MECH,V
ST061,CIVIL,III
ST062,ECE,V
ST063,ECE,V
ST064,MECH,V
ST065,CSE,V
ST066,CSE,III
ST067,ECE,V
ST068,CIVIL,V
ST069,MECH,III
ST070,CIVIL,V
ST071,CSE,III
ST072,CSE,III
ST073,CIVIL,V
ST074,ECE,III
ST075,CIVIL,III
ST076,ECE,III
ST077,CIVIL,V
ST078,CSE,V
ST079,ECE,III
ST080,MECH,V
ST081,CIVIL,V
ST082,CIVIL,III
ST083,MECH,III
ST084,CSE,V
ST085,ECE,III
ST086,CIVIL,V
ST087,CSE,V
ST088,ECE,III
ST089,ECE,V
ST090,ECE,V
ST091,ECE,III
ST092,CIVIL,V
ST093,MECH,III
ST094,CIVIL,III
ST095,CSE,III
ST096,ECE,III
ST097,CIVIL,III
ST098,MECH,V
ST099,CIVIL,V
ST100,CSE,V
ST101,CIVIL,III
ST102,CSE,V
ST103,CSE,III
ST104,CSE,III
ST105,ECE,III
ST106,ECE,III
ST107,CIVIL,III
ST108,ECE,III
ST109,CIVIL,III
ST110,ECE,III
ST111,ECE,III
ST112,MECH,V
ST113,CSE,III
ST114,CIVIL,V
ST115,CIVIL,V
ST116,CIVIL,V
ST117,CIVIL,III
ST118,CIVIL,III
ST119,CSE,III
ST120,ECE,III
ST121,ECE,V
ST122,CIVIL,III
ST123,MECH,III
ST124,CSE,V
ST125,ECE,III
ST126,MECH,V
ST127,CIVIL,V
ST128,CSE,III
ST129,CIVIL,V
ST130,CIVIL,III
ST131,MECH,V
ST132,CSE,III
ST133,CSE,V
ST134,MECH,V
ST135,MECH,V
ST136,CIVIL,V
ST137,MECH,V
ST138,CIVIL,III
ST139,ECE,V
ST140,CIVIL,V
ST141,ECE,V
ST142,MECH,V
ST143,CIVIL,V
ST144,MECH,V
ST145,CIVIL,V
ST146,CIVIL,V
ST147,ECE,V
ST148,CIVIL,III
ST149,CIVIL,III
ST150,MECH,V
ST151,CIVIL,III
ST152,MECH,V
ST153,CSE,V
ST154,MECH,V
ST155,CSE,V
ST156,MECH,V
ST157,ECE,V
ST158,ECE,III
ST159,CIVIL,V
ST160,CSE,V
ST161,MECH,V
ST162,CSE,V
ST163,CIVIL,V
ST164,CIVIL,V
ST165,CIVIL,III
ST166,CIVIL,V
ST167,CIVIL,V
ST168,CIVIL,V
ST169,CSE,III
ST170,ECE,V
ST171,CSE,V
ST172,CIVIL,III
ST173,CSE,V
ST174,MECH,V
ST175,CSE,V
ST176,MECH,V
ST177,CIVIL,V
ST178,ECE,III
ST179,MECH,V
ST180,CIVIL,III
ST181,CIVIL,III
ST182,CIVIL,V
ST183,CSE,V
ST184,MECH,V
ST185,CIVIL,V
ST186,CIVIL,III
ST187,CIVIL,V
ST188,CIVIL,III
ST189,CSE,III
ST190,CIVIL,III
ST191,CIVIL,V
ST192,ECE,III
ST193,ECE,III
ST194,MECH,V
ST195,MECH,III
ST196,CSE,V
ST197,CSE,V
ST198,ECE,V
ST199,CIVIL,III
ST200,MECH,V
ST201,ECE,V
ST202,CIVIL,V
ST203,MECH,V
ST204,ECE,V
ST205,CIVIL,V
ST206,MECH,III
ST207,MECH,V
ST208,CIVIL,III
ST209,MECH,V
ST210,CIVIL,V
ST211,ECE,III
ST212,CIVIL,III
ST213,CSE,V
ST214,CSE,V
ST215,CSE,III
ST216,ECE,III
ST217,MECH,V
ST218,CIVIL,V
ST219,CSE,V
ST220,ECE,III
ST221,MECH,III
ST222,MECH,III
ST223,ECE,V
ST224,CIVIL,V
ST225,CSE,V
ST226,CSE,III
ST227,ECE,V
ST228,CIVIL,V
ST229,CIVIL,V
ST230,ECE,III
ST231,CIVIL,III
ST232,CIVIL,III
ST233,ECE,III
ST234,MECH,III
ST235,CSE,V
ST236,CIVIL,III
ST237,CSE,III
ST238,CSE,III
ST239,ECE,III
ST240,MECH,III
ST241,CSE,III
ST242,CSE,V
ST243,CIVIL,III
ST244,ECE,III
ST245,CIVIL,III
ST246,CSE,III
ST247,ECE,V
ST248,CIVIL,V
ST249,ECE,III
ST250,MECH,V
ST251,CIVIL,III
ST252,MECH,V
ST253,ECE,III
ST254,CIVIL,III
ST255,CIVIL,III
ST256,ECE,III
ST257,ECE,V
ST258,CIVIL,V
ST259,CSE,III
ST260,MECH,III
ST261,CSE,III
ST262,MECH,III
ST263,ECE,III
ST264,CSE,V
ST265,CIVIL,III
ST266,ECE,V
ST267,MECH,V
ST268,MECH,V
ST269,CSE,III
ST270,CIVIL,III
ST271,ECE,III
ST272,CIVIL,III
ST273,CSE,V
ST274,CSE,V
ST275,CSE,III
ST276,MECH,V
ST277,CIVIL,V
ST278,MECH,III
ST279,ECE,V
ST280,CSE,III
ST281,CIVIL,V
ST282,MECH,V
ST283,CIVIL,III
ST284,ECE,III
ST285,ECE,V
ST286,MECH,V
ST287,ECE,V
ST288,CSE,V
ST289,ECE,III
ST290,CSE,V
ST291,ECE,III
ST292,ECE,V
ST293,CSE,V
ST294,CIVIL,V
ST295,ECE,III
ST296,CIVIL,V
ST297,ECE,V
ST298,CSE,V
ST299,MECH,III
ST300,CSE,V
ST301,CIVIL,III
ST302,MECH,V
ST303,CSE,III
ST304,MECH,V
ST305,CIVIL,V
ST306,ECE,V
ST307,MECH,V
ST308,ECE,III
ST309,CIVIL,V
ST310,MECH,V
ST311,ECE,V
ST312,CIVIL,III
ST313,MECH,V
ST314,CSE,V
ST315,MECH,V
ST316,CSE,V
ST317,MECH,V
ST318,CSE,V
ST319,ECE,III
ST320,CIVIL,III
ST321,CSE,III
ST322,CSE,III
ST323,CSE,V
ST324,CIVIL,V
ST325,MECH,III
ST326,CSE,III
ST327,CIVIL,III
ST328,MECH,V
ST329,CSE,V
ST330,ECE,III
ST331,ECE,V
ST332,CIVIL,V
ST333,MECH,V
ST334,CIVIL,III
ST335,CIVIL,III
ST336,CIVIL,III
ST337,CSE,III
ST338,CSE,III
ST339,MECH,III
ST340,ECE,V
ST341,ECE,III
ST342,ECE,III
ST343,CIVIL,V
ST344,CIVIL,III
ST345,CSE,III
ST346,MECH,III
ST347,MECH,III
ST348,ECE,V
ST349,ECE,V
ST350,CIVIL,V
ST351,CSE,V
ST352,CSE,V
ST353,ECE,III
ST354,CIVIL,V
ST355,ECE,III
ST356,MECH,V
ST357,ECE,V
ST358,MECH,V
ST359,CIVIL,V
ST360,ECE,III
ST361,ECE,III
ST362,CIVIL,V
ST363,MECH,V
ST364,CIVIL,V
ST365,ECE,III
ST366,ECE,V
ST367,ECE,V
ST368,CIVIL,III
ST369,CSE,III
ST370,ECE,III
ST371,CSE,III
ST372,CIVIL,V
ST373,CSE,III
ST374,CIVIL,III
ST375,ECE,V
ST376,CIVIL,III
ST377,CIVIL,V
ST378,CIVIL,III
ST379,MECH,III
ST380,ECE,V
ST381,CIVIL,V
ST382,MECH,III
ST383,ECE,III
ST384,ECE,V
ST385,CIVIL,V
ST386,CSE,V
ST387,ECE,V
ST388,CSE,V
ST389,MECH,III
ST390,CIVIL,V
ST391,CSE,III
ST392,CSE,V
ST393,CSE,V
ST394,CSE,III
ST395,CSE,III
ST396,MECH,III
ST397,CIVIL,V
ST398,CIVIL,III
ST399,CIVIL,V
ST400,CIVIL,V
ST401,CIVIL,V
ST402,ECE,III
ST403,CIVIL,V
ST404,CIVIL,V
ST405,MECH,III
ST406,CIVIL,V
ST407,CSE,III
ST408,CSE,III
ST409,CIVIL,III
ST410,ECE,V
ST411,CSE,V
ST412,MECH,V
ST413,ECE,V
ST414,CIVIL,V
ST415,MECH,V
ST416,MECH,V
ST417,ECE,III
ST418,CSE,V
ST419,MECH,III
ST420,CIVIL,V
ST421,MECH,III
ST422,CIVIL,III
ST423,MECH,V
ST424,CIVIL,V
ST425,ECE,III
ST426,ECE,V
ST427,ECE,V
ST428,ECE,V
ST429,ECE,III
ST430,ECE,III
ST431,CSE,III
ST432,CSE,III
ST433,MECH,III
ST434,ECE,III
ST435,MECH,V
ST436,ECE,III
ST437,CIVIL,V
ST438,CIVIL,V
ST439,CIVIL,V
ST440,CSE,V
ST441,MECH,V
ST442,CSE,III
ST443,ECE,III
ST444,MECH,III
ST445,CSE,III
ST446,CIVIL,V
ST447,ECE,V
ST448,MECH,III
ST449,CSE,V
ST450,MECH,V
ST451,CIVIL,V
ST452,ECE,V
ST453,CSE,V
ST454,CIVIL,III
ST455,ECE,V
ST456,CIVIL,III
ST457,CSE,III
ST458,MECH,V
ST459,ECE,V
ST460,CSE,V
ST461,CIVIL,V
ST462,ECE,III
ST463,CIVIL,V
ST464,ECE,V
ST465,ECE,III
ST466,CSE,III
ST467,ECE,III
ST468,ECE,III
ST469,CIVIL,III
ST470,CIVIL,V
ST471,CIVIL,III
ST472,CSE,V
ST473,CIVIL,V
ST474,ECE,III
ST475,CIVIL,V
ST476,MECH,V
ST477,ECE,III
ST478,MECH,V
ST479,ECE,III
ST480,ECE,V
ST481,CIVIL,III
ST482,ECE,V
ST483,ECE,V
ST484,CSE,III
ST485,ECE,III
ST486,CIVIL,V
ST487,CSE,V
ST488,CSE,V
ST489,CIVIL,III
ST490,CSE,III
ST491,CSE,III
ST492,CSE,V
ST493,CSE,V
ST494,ECE,V
ST495,ECE,III
ST496,ECE,III
ST497,CSE,III
ST498,ECE,V
ST499,MECH,V
ST500,MECH,V
